Project Name,Package Name,Type Name,NOF,NOPF,NOM,NOPM,LOC,WMC,NC,DIT,LCOM,FANIN,FANOUT,File path,Line no
.,com.ViverBemApp.viverBem,PacienteTests,3,0,1,0,11,1,0,0,0.0,0,2,/Users/pedrobelo/dev/Trabalho-Final-GCS/./src/test/java/com/ViverBemApp/viverBem/PacienteTests.java,18
.,com.ViverBemApp.viverBem,SendNotificationEmailTests,1,0,1,1,6,1,0,0,0.0,0,0,/Users/pedrobelo/dev/Trabalho-Final-GCS/./src/test/java/com/ViverBemApp/viverBem/SendNotificationEmailTests.java,11
.,com.ViverBemApp.viverBem,MedicoTests,3,0,1,0,11,1,0,0,0.0,0,2,/Users/pedrobelo/dev/Trabalho-Final-GCS/./src/test/java/com/ViverBemApp/viverBem/MedicoTests.java,20
.,com.ViverBemApp.viverBem,ConsultaTests,5,0,1,0,14,1,0,0,0.0,0,4,/Users/pedrobelo/dev/Trabalho-Final-GCS/./src/test/java/com/ViverBemApp/viverBem/ConsultaTests.java,23
.,com.ViverBemApp.viverBem,JavaMailApp,0,0,2,1,35,2,0,0,-1.0,1,0,/Users/pedrobelo/dev/Trabalho-Final-GCS/./src/main/java/com/ViverBemApp/viverBem/JavaMailApp.java,8
.,com.ViverBemApp.viverBem,ViverBemApplication,0,0,1,1,5,1,0,0,-1.0,0,0,/Users/pedrobelo/dev/Trabalho-Final-GCS/./src/main/java/com/ViverBemApp/viverBem/ViverBemApplication.java,6
.,com.ViverBemApp.viverBem.repository,SendNotificationEmailRepository,0,0,1,0,17,1,0,0,-1.0,0,1,/Users/pedrobelo/dev/Trabalho-Final-GCS/./src/main/java/com/ViverBemApp/viverBem/repository/SendNotificationEmailRepository.java,6
.,com.ViverBemApp.viverBem.repository,ConsultaRepository,0,0,0,0,5,0,0,0,-1.0,2,0,/Users/pedrobelo/dev/Trabalho-Final-GCS/./src/main/java/com/ViverBemApp/viverBem/repository/ConsultaRepository.java,6
.,com.ViverBemApp.viverBem.repository,PacienteRepository,0,0,0,0,5,0,0,0,-1.0,4,0,/Users/pedrobelo/dev/Trabalho-Final-GCS/./src/main/java/com/ViverBemApp/viverBem/repository/PacienteRepository.java,6
.,com.ViverBemApp.viverBem.repository,MedicoRepository,0,0,0,0,5,0,0,0,-1.0,4,0,/Users/pedrobelo/dev/Trabalho-Final-GCS/./src/main/java/com/ViverBemApp/viverBem/repository/MedicoRepository.java,5
.,com.ViverBemApp.viverBem.controller,SendNotificationEmailController,1,0,2,2,31,2,0,0,0.0,0,4,/Users/pedrobelo/dev/Trabalho-Final-GCS/./src/main/java/com/ViverBemApp/viverBem/controller/SendNotificationEmailController.java,19
.,com.ViverBemApp.viverBem.controller,ConsultaController,3,0,5,5,82,11,0,0,0.0,0,4,/Users/pedrobelo/dev/Trabalho-Final-GCS/./src/main/java/com/ViverBemApp/viverBem/controller/ConsultaController.java,17
.,com.ViverBemApp.viverBem.controller,PacienteController,1,0,4,4,37,4,0,0,0.75,0,2,/Users/pedrobelo/dev/Trabalho-Final-GCS/./src/main/java/com/ViverBemApp/viverBem/controller/PacienteController.java,10
.,com.ViverBemApp.viverBem.controller,MedicoController,1,0,3,3,30,3,0,0,0.6666666666666666,0,2,/Users/pedrobelo/dev/Trabalho-Final-GCS/./src/main/java/com/ViverBemApp/viverBem/controller/MedicoController.java,12
.,com.ViverBemApp.viverBem.service,SendNotificationEmailService,1,0,2,2,33,2,0,0,0.0,1,2,/Users/pedrobelo/dev/Trabalho-Final-GCS/./src/main/java/com/ViverBemApp/viverBem/service/SendNotificationEmailService.java,14
.,com.ViverBemApp.viverBem.domain,SendNotificationEmail,3,0,0,0,5,0,0,0,-1.0,0,0,/Users/pedrobelo/dev/Trabalho-Final-GCS/./src/main/java/com/ViverBemApp/viverBem/domain/SendNotificationEmail.java,3
.,com.ViverBemApp.viverBem.domain,Consulta,5,0,15,15,65,17,0,0,0.13333333333333333,5,2,/Users/pedrobelo/dev/Trabalho-Final-GCS/./src/main/java/com/ViverBemApp/viverBem/domain/Consulta.java,9
.,com.ViverBemApp.viverBem.domain,Medico,4,0,13,13,58,15,0,0,0.15384615384615385,3,0,/Users/pedrobelo/dev/Trabalho-Final-GCS/./src/main/java/com/ViverBemApp/viverBem/domain/Medico.java,7
.,com.ViverBemApp.viverBem.domain,Paciente,6,0,17,17,78,19,0,0,0.17647058823529413,5,0,/Users/pedrobelo/dev/Trabalho-Final-GCS/./src/main/java/com/ViverBemApp/viverBem/domain/Paciente.java,7
